timestamp,cpu,ram,disk,machine_id,cpu_diff,ram_diff,cpu_ma,cpu_std,failure
2026-04-27 23:35:48,3.9,74.9,22.6,local_pc,2.0,0.20000000000000284,2.48,0.8167006795638166,0
2026-04-27 23:35:49,5.4,74.9,22.6,local_pc,1.5000000000000004,0.0,3.12,1.5056560032092325,0
2026-04-27 23:35:50,3.0,74.9,22.6,local_pc,-2.4000000000000004,0.0,3.2400000000000007,1.4570518178843197,0
2026-04-27 23:35:51,2.6,74.9,22.6,local_pc,-0.3999999999999999,0.0,3.3600000000000003,1.3501851724856115,0
2026-04-27 23:35:52,9.4,75.4,22.6,local_pc,6.800000000000001,0.5,4.86,2.7564469884254983,0
2026-04-27 23:35:53,9.4,75.7,22.6,local_pc,0.0,0.29999999999999716,5.960000000000001,3.317830616532435,0
2026-04-27 23:35:54,14.0,76.0,22.6,local_pc,4.6,0.29999999999999716,7.68,4.836527680061388,0
2026-04-27 23:35:55,3.4,76.3,22.6,local_pc,-10.6,0.29999999999999716,7.76,4.742151410488702,0
2026-04-27 23:35:56,2.2,76.2,22.6,local_pc,-1.1999999999999997,-0.09999999999999432,7.68,4.853040284192992,0
2026-04-27 23:35:57,6.6,76.3,22.6,local_pc,4.3999999999999995,0.09999999999999432,7.12,4.76571085988229,0
2026-04-27 23:35:58,2.4,76.3,22.6,local_pc,-4.199999999999999,0.0,5.720000000000001,4.952978901630815,0
2026-04-27 23:35:59,4.6,76.3,22.6,local_pc,2.1999999999999997,0.0,3.84,1.8132843130629022,0
2026-04-27 23:36:00,8.6,76.4,22.6,local_pc,4.0,0.10000000000000853,4.88,2.7480902459708267,0
2026-04-27 23:36:01,11.7,76.7,22.6,local_pc,3.0999999999999996,0.29999999999999716,6.779999999999999,3.5877569594385843,0
2026-04-27 23:36:02,12.4,77.0,22.6,local_pc,0.7000000000000011,0.29999999999999716,7.9399999999999995,4.367836993295422,0
2026-04-27 23:36:03,13.3,76.9,22.6,local_pc,0.9000000000000004,-0.09999999999999432,10.120000000000001,3.5562620825805276,0
2026-04-27 23:36:04,8.4,77.1,22.6,local_pc,-4.9,0.19999999999998863,10.879999999999999,2.2465529150233667,0
2026-04-27 23:36:05,15.4,77.4,22.6,local_pc,7.0,0.30000000000001137,12.239999999999998,2.557928849675062,0
2026-04-27 23:36:06,13.6,77.5,22.6,local_pc,-1.8000000000000007,0.09999999999999432,12.620000000000001,2.5984610830258714,0
2026-04-27 23:36:07,13.3,77.6,22.6,local_pc,-0.29999999999999893,0.09999999999999432,12.8,2.61055549644132,0
2026-04-27 23:36:08,6.8,77.6,22.6,local_pc,-6.500000000000001,0.0,11.5,3.6932370625238753,0
2026-04-27 23:36:09,10.5,78.0,22.6,local_pc,3.7,0.4000000000000057,11.92,3.356635219978481,0
2026-04-27 23:36:10,5.1,78.0,22.6,local_pc,-5.4,0.0,9.860000000000001,3.816149892234317,0
2026-04-27 23:36:11,3.5,78.0,22.6,local_pc,-1.5999999999999996,0.0,7.840000000000001,4.009738146063904,0
2026-04-27 23:36:12,4.5,78.0,22.6,local_pc,1.0,0.0,6.08,2.7462701979229927,0
2026-04-27 23:36:13,4.0,77.9,22.6,local_pc,-0.5,-0.09999999999999432,5.5200000000000005,2.8464012366495335,0
2026-04-27 23:36:14,4.3,77.9,22.6,local_pc,0.2999999999999998,0.0,4.279999999999999,0.5932958789676483,0
2026-04-27 23:36:15,8.2,78.0,22.6,local_pc,3.8999999999999995,0.09999999999999432,4.8999999999999995,1.8828170383762712,0
2026-04-27 23:36:16,3.7,77.9,22.6,local_pc,-4.499999999999999,-0.09999999999999432,4.9399999999999995,1.8474306482247156,0
2026-04-27 23:36:17,5.5,77.9,22.6,local_pc,1.7999999999999998,0.0,5.139999999999999,1.842009771961048,0
2026-04-27 23:36:18,6.0,77.8,22.6,local_pc,0.5,-0.10000000000000853,5.539999999999999,1.7472836060582702,0
2026-04-27 23:36:19,6.9,77.4,22.6,local_pc,0.9000000000000004,-0.3999999999999915,6.0600000000000005,1.6712270940838623,0
2026-04-27 23:36:20,12.7,79.4,22.6,local_pc,5.799999999999999,2.0,6.959999999999999,3.414381349527317,0
2026-04-27 23:36:21,16.9,82.7,22.6,local_pc,4.199999999999999,3.299999999999997,9.6,4.998999899979992,0
2026-04-27 23:36:22,4.0,82.9,22.6,local_pc,-12.899999999999999,0.20000000000000284,9.3,5.339943819929192,0
2026-04-27 23:36:23,6.4,83.0,22.6,local_pc,2.4000000000000004,0.09999999999999432,9.379999999999999,5.280814331142496,0
2026-04-27 23:36:24,8.3,82.9,22.6,local_pc,1.9000000000000004,-0.09999999999999432,9.66,5.151989906822409,0
2026-04-27 23:36:25,8.2,82.9,22.6,local_pc,-0.10000000000000142,0.0,8.76,4.873704956190923,0
2026-04-27 23:36:26,8.5,82.8,22.6,local_pc,0.3000000000000007,-0.10000000000000853,7.08,1.9175505208468369,0
2026-04-27 23:36:28,7.9,82.9,22.6,local_pc,-0.5999999999999996,0.10000000000000853,7.859999999999999,0.8443932733033676,0
2026-04-27 23:36:29,9.5,82.9,22.6,local_pc,1.5999999999999996,0.0,8.48,0.6099180272790568,0
2026-04-27 23:36:30,4.6,82.9,22.6,local_pc,-4.9,0.0,7.739999999999999,1.8555322686496125,0
2026-04-27 23:36:31,4.2,82.9,22.6,local_pc,-0.39999999999999947,0.0,6.94,2.3922792479140007,0
2026-04-27 23:36:32,5.6,82.7,22.6,local_pc,1.3999999999999995,-0.20000000000000284,6.36,2.2678183348760497,0
2026-04-27 23:36:33,4.8,82.7,22.6,local_pc,-0.7999999999999998,0.0,5.74,2.1628684657186112,0
2026-04-27 23:36:34,14.3,82.9,22.6,local_pc,9.5,0.20000000000000284,6.7,4.279018579066931,0
2026-04-27 23:36:35,12.3,84.1,22.6,local_pc,-2.0,1.1999999999999886,8.24,4.699255260144949,0
2026-04-27 23:36:36,12.8,84.4,22.6,local_pc,0.5,0.30000000000001137,9.96,4.416220103210433,0
2026-04-27 23:36:37,7.6,83.6,22.6,local_pc,-5.200000000000001,-0.8000000000000114,10.360000000000001,3.992868642968357,0
2026-04-27 23:36:38,12.6,83.5,22.6,local_pc,5.0,-0.09999999999999432,11.919999999999998,2.5351528553521114,0
2026-04-27 23:36:39,3.3,83.5,22.6,local_pc,-9.3,0.0,9.72,4.187720143467084,0
2026-04-27 23:36:40,11.0,83.7,22.6,local_pc,7.7,0.20000000000000284,9.459999999999999,4.024673899833373,0
2026-04-27 23:36:41,6.3,83.8,22.6,local_pc,-4.7,0.09999999999999432,8.16,3.713892836364558,0
2026-04-27 23:36:42,10.4,84.5,22.6,local_pc,4.1000000000000005,0.7000000000000028,8.719999999999999,3.817983761096946,0
2026-04-27 23:36:43,7.4,87.5,22.6,local_pc,-3.0,3.0,7.68,3.14594977709435,0
2026-04-27 23:36:44,11.7,87.2,22.6,local_pc,4.299999999999999,-0.29999999999999716,9.360000000000001,2.369177072318566,0
2026-04-27 23:36:45,9.3,88.0,22.6,local_pc,-2.3999999999999986,0.7999999999999972,9.02,2.190205469813272,0
2026-04-27 23:36:46,10.9,89.7,22.8,local_pc,1.5999999999999996,1.7000000000000028,9.940000000000001,1.6652327164693719,0
2026-04-27 23:36:47,21.0,90.1,22.8,local_pc,10.1,0.3999999999999915,12.059999999999999,5.2614636746821635,0
2026-04-27 23:36:48,16.1,87.4,22.8,local_pc,-4.899999999999999,-2.6999999999999886,13.8,4.748684028233496,0
2026-04-27 23:36:49,9.4,86.7,22.8,local_pc,-6.700000000000001,-0.7000000000000028,13.34,5.101274350591225,0
2026-04-27 23:36:50,10.1,86.5,22.8,local_pc,0.6999999999999993,-0.20000000000000284,13.5,4.953281740422194,0
2026-04-27 23:36:51,10.7,86.7,22.8,local_pc,0.5999999999999996,0.20000000000000284,13.459999999999999,4.980261037335285,0
2026-04-27 23:36:52,15.9,86.9,22.8,local_pc,5.200000000000001,0.20000000000000284,12.44,3.2829864452964075,0
2026-04-27 23:36:53,18.5,87.4,22.8,local_pc,2.5999999999999996,0.5,12.919999999999998,4.040049504647181,0
2026-04-27 23:36:54,10.1,87.2,22.8,local_pc,-8.4,-0.20000000000000284,13.059999999999999,3.8971784665318996,0
2026-04-27 23:36:55,7.3,84.4,22.8,local_pc,-2.8,-2.799999999999997,12.5,4.571651780264978,0
2026-04-27 23:36:56,8.2,84.2,22.8,local_pc,0.8999999999999995,-0.20000000000000284,12.0,4.939635614091383,0
2026-04-27 23:36:57,7.9,84.3,22.8,local_pc,-0.29999999999999893,0.09999999999999432,10.4,4.647580015448898,0
2026-04-27 23:36:58,9.0,82.9,22.8,local_pc,1.0999999999999996,-1.3999999999999915,8.5,1.0839741694339475,0
2026-04-27 23:36:59,8.5,83.2,22.8,local_pc,-0.5,0.29999999999999716,8.18,0.6379655163094806,0
2026-04-27 23:37:00,6.8,82.6,22.8,local_pc,-1.7000000000000002,-0.6000000000000085,8.08,0.8228000972289832,0
2026-04-27 23:37:01,19.6,82.7,22.8,local_pc,12.8,0.10000000000000853,10.360000000000001,5.230009560220706,0
2026-04-27 23:37:02,18.6,82.2,22.8,local_pc,-1.0,-0.5,12.5,6.090155991434041,0
2026-04-27 23:37:03,21.9,82.1,22.8,local_pc,3.299999999999997,-0.10000000000000853,15.080000000000002,6.913537444752858,0
2026-04-27 23:37:04,38.0,83.1,22.8,local_pc,16.1,1.0,20.98,11.171033971839837,0
2026-04-27 23:37:05,18.9,82.9,22.8,local_pc,-19.1,-0.19999999999998863,23.4,8.26347384578663,0
2026-04-27 23:37:06,23.9,82.3,22.8,local_pc,5.0,-0.6000000000000085,24.26,7.988303950151099,0
2026-04-27 23:37:07,9.6,82.3,22.8,local_pc,-14.299999999999999,0.0,22.46,10.270491711695195,0
2026-04-27 23:37:08,38.0,83.6,22.8,local_pc,28.4,1.2999999999999972,25.68,12.361917327016858,0
2026-04-27 23:37:09,16.2,88.2,22.8,local_pc,-21.8,4.6000000000000085,21.32,10.657251052687073,0
2026-04-27 23:37:10,20.9,88.0,22.8,local_pc,4.699999999999999,-0.20000000000000284,21.72,10.580973490185093,0
2026-04-27 23:37:11,20.7,88.7,22.9,local_pc,-0.1999999999999993,0.7000000000000028,21.08,10.512706597256471,0
2026-04-27 23:37:12,16.9,88.9,22.9,local_pc,-3.8000000000000007,0.20000000000000284,22.54,8.903538622368059,0
2026-04-27 23:37:13,12.8,88.8,22.9,local_pc,-4.099999999999998,-0.10000000000000853,17.5,3.388952640566075,0
2026-04-27 23:37:14,17.5,88.8,22.9,local_pc,4.699999999999999,0.0,17.759999999999998,3.3133065055922257,0
2026-04-27 23:37:15,23.2,88.9,22.9,local_pc,5.699999999999999,0.10000000000000853,18.22,3.955628900693258,0
2026-04-27 23:37:16,16.8,88.8,22.9,local_pc,-6.399999999999999,-0.10000000000000853,17.44,3.721961848273001,0
2026-04-27 23:37:17,19.0,88.9,22.9,local_pc,2.1999999999999993,0.10000000000000853,17.860000000000003,3.7640403823550783,0
2026-04-27 23:37:19,17.3,89.1,22.9,local_pc,-1.6999999999999993,0.19999999999998863,18.759999999999998,2.6140007651107817,0
2026-04-27 23:37:20,6.4,89.4,22.9,local_pc,-10.9,0.30000000000001137,16.54,6.2022576534677905,0
2026-04-27 23:37:21,8.2,89.8,22.9,local_pc,1.799999999999999,0.3999999999999915,13.540000000000001,5.789473205741593,0
2026-04-27 23:37:22,14.8,91.9,22.9,local_pc,6.600000000000001,2.1000000000000085,13.14,5.572970482606187,0
2026-04-27 23:37:23,11.0,94.1,22.9,local_pc,-3.8000000000000007,2.1999999999999886,11.540000000000001,4.518628110389244,0
2026-04-27 23:37:24,6.7,94.0,22.9,local_pc,-4.3,-0.09999999999999432,9.42,3.515963594805826,0
2026-04-27 23:37:25,5.5,94.3,22.9,local_pc,-1.2000000000000002,0.29999999999999716,9.24,3.7259898013816293,0
2026-04-27 23:37:26,9.6,91.1,22.9,local_pc,4.1,-3.200000000000003,9.52,3.6806249469349503,0
2026-04-27 23:37:27,14.6,93.4,22.9,local_pc,5.0,2.3000000000000114,9.48,3.609293559687256,0
2026-04-27 23:37:28,9.9,93.5,22.9,local_pc,-4.699999999999999,0.09999999999999432,9.26,3.5260459441135916,0
2026-04-27 23:37:29,7.9,93.5,22.9,local_pc,-2.0,0.0,9.5,3.344398301638115,0
2026-04-27 23:37:30,8.7,93.6,22.9,local_pc,0.7999999999999989,0.09999999999999432,10.139999999999999,2.6140007651108093,0
2026-04-27 23:37:31,10.5,93.4,22.9,local_pc,1.8000000000000007,-0.19999999999998863,10.319999999999999,2.5984610830258537,0
2026-04-27 23:37:32,7.6,93.6,22.9,local_pc,-2.9000000000000004,0.19999999999998863,8.92,1.253794241492566,0
2026-04-27 23:37:33,10.1,93.6,22.9,local_pc,2.5,0.0,8.96,1.2953763931768705,0
2026-04-27 23:37:34,13.1,98.6,23.0,local_pc,3.0,5.0,10.0,2.080865204668457,0
2026-04-27 23:37:35,32.2,98.7,23.0,local_pc,19.1,0.10000000000000853,14.7,9.975219295835046,0
2026-04-27 23:37:36,24.5,98.1,23.0,local_pc,-7.700000000000003,-0.6000000000000085,17.5,10.454903155935964,0
2026-04-27 23:37:37,10.7,98.0,23.0,local_pc,-13.8,-0.09999999999999432,18.12,9.791935457303616,0
2026-04-27 23:37:38,8.4,98.0,23.0,local_pc,-2.299999999999999,0.0,17.78,10.16252921275013,0
2026-04-27 23:37:39,16.3,98.6,23.0,local_pc,7.9,0.5999999999999943,18.42,9.891258767214604,0
2026-04-27 23:37:40,15.4,97.9,23.0,local_pc,-0.9000000000000004,-0.6999999999999886,15.060000000000002,6.207495469188826,0
2026-04-27 23:37:41,11.2,97.7,23.0,local_pc,-4.200000000000001,-0.20000000000000284,12.400000000000002,3.336914742692695,0
2026-04-27 23:37:42,25.0,98.0,23.0,local_pc,13.8,0.29999999999999716,15.260000000000002,6.314903007964555,0
2026-04-27 23:37:43,12.1,97.8,23.0,local_pc,-12.9,-0.20000000000000284,16.0,5.470374758643121,0
2026-04-27 23:37:44,15.8,97.8,23.0,local_pc,3.700000000000001,0.0,15.900000000000002,5.468089245796907,0
2026-04-27 23:37:45,7.5,97.0,23.0,local_pc,-8.3,-0.7999999999999972,14.320000000000002,6.660105104275745,0
2026-04-27 23:37:46,9.9,94.1,23.0,local_pc,2.4000000000000004,-2.9000000000000057,14.060000000000002,6.835422444882235,0
2026-04-27 23:37:47,6.0,94.4,23.0,local_pc,-3.9000000000000004,0.30000000000001137,10.260000000000002,3.872079544637473,0
2026-04-27 23:37:48,10.1,91.2,23.0,local_pc,4.1,-3.200000000000003,9.860000000000001,3.735371467471469,0
2026-04-27 23:37:49,8.3,90.1,23.0,local_pc,-1.799999999999999,-1.1000000000000085,8.360000000000003,1.7111399708965918,0
2026-04-27 23:37:50,5.5,90.1,23.0,local_pc,-2.8000000000000007,0.0,7.960000000000003,2.1419617176784462,0
2026-04-27 23:37:51,5.5,89.6,23.0,local_pc,0.0,-0.5,7.080000000000001,2.047437422731162,0
2026-04-27 23:37:52,4.5,89.6,23.0,local_pc,-1.0,0.0,6.780000000000001,2.3349518196314096,0
2026-04-27 23:37:53,10.0,89.6,23.0,local_pc,5.5,0.0,6.760000000000001,2.2995651762887768,0
2026-04-27 23:37:54,8.1,89.3,23.0,local_pc,-1.9000000000000004,-0.29999999999999716,6.7200000000000015,2.26759784794395,0
2026-04-27 23:37:55,9.1,89.3,23.0,local_pc,1.0,0.0,7.440000000000002,2.353295561547681,0
2026-04-27 23:37:56,5.9,89.2,23.0,local_pc,-3.1999999999999993,-0.09999999999999432,7.520000000000001,2.2764006677208677,0
2026-04-27 23:37:57,9.1,88.9,23.0,local_pc,3.1999999999999993,-0.29999999999999716,8.440000000000001,1.570986950932436,0
2026-04-27 23:37:58,4.9,88.9,23.0,local_pc,-4.199999999999999,0.0,7.420000000000002,1.9214577799160757,0
2026-04-27 23:37:59,8.8,89.0,23.0,local_pc,3.9000000000000004,0.09999999999999432,7.560000000000002,2.006987792688339,0
2026-04-27 23:38:00,4.2,88.8,23.0,local_pc,-4.6000000000000005,-0.20000000000000284,6.580000000000001,2.2487774456357466,0
2026-04-27 23:38:01,10.5,88.9,23.0,local_pc,6.3,0.10000000000000853,7.500000000000002,2.779388421937462,0
2026-04-27 23:38:02,5.7,88.9,23.0,local_pc,-4.8,0.0,6.820000000000002,2.7049953789239694,0
2026-04-27 23:38:03,6.2,88.7,23.0,local_pc,0.5,-0.20000000000000284,7.080000000000001,2.5312052465179553,0
2026-04-27 23:38:04,6.0,88.8,23.0,local_pc,-0.20000000000000018,0.09999999999999432,6.520000000000001,2.3594490882407344,0
2026-04-27 23:38:05,10.8,88.6,23.0,local_pc,4.800000000000001,-0.20000000000000284,7.840000000000002,2.5735189915755443,0
2026-04-27 23:38:06,7.3,88.5,23.0,local_pc,-3.500000000000001,-0.09999999999999432,7.200000000000001,2.1011901389450744,0
2026-04-27 23:38:07,5.8,88.4,23.0,local_pc,-1.5,-0.09999999999999432,7.2200000000000015,2.083746625672138,0
2026-04-27 23:38:09,8.6,88.3,23.0,local_pc,2.8,-0.10000000000000853,7.700000000000001,2.0663978319771847,0
2026-04-27 23:38:10,17.3,88.4,23.0,local_pc,8.700000000000001,0.10000000000000853,9.96,4.494774744077834,0
2026-04-27 23:38:11,4.9,88.3,23.0,local_pc,-12.4,-0.10000000000000853,8.780000000000001,4.96860141287264,0
2026-04-27 23:38:12,18.7,93.2,23.0,local_pc,13.799999999999999,4.900000000000006,11.06,6.499461516156544,0
2026-04-27 23:38:13,7.9,93.2,23.0,local_pc,-10.799999999999999,0.0,11.48,6.132046966552027,0
2026-04-27 23:38:14,8.9,93.2,23.0,local_pc,1.0,0.0,11.540000000000001,6.098196454690511,0
2026-04-27 23:38:15,6.4,92.9,23.0,local_pc,-2.5,-0.29999999999999716,9.360000000000003,5.436726956542876,0
2026-04-27 23:38:16,7.3,93.1,23.0,local_pc,0.8999999999999995,0.19999999999998863,9.840000000000002,5.035672745522683,0
2026-04-27 23:38:17,8.8,93.4,23.0,local_pc,1.5000000000000009,0.30000000000001137,7.860000000000002,1.0502380682492942,0
2026-04-27 23:38:18,7.4,93.4,23.0,local_pc,-1.4000000000000004,0.0,7.7600000000000025,1.0691117808723334,0
2026-04-27 23:38:19,5.3,93.5,23.0,local_pc,-2.1000000000000005,0.09999999999999432,7.040000000000002,1.2973048986263915,0
2026-04-27 23:38:20,11.0,93.6,23.0,local_pc,5.7,0.09999999999999432,7.960000000000003,2.107842498859914,0
2026-04-27 23:38:21,6.7,93.5,23.0,local_pc,-4.3,-0.09999999999999432,7.840000000000001,2.170944494914601,0
2026-04-27 23:38:22,12.5,93.5,23.0,local_pc,5.8,0.0,8.580000000000002,3.037597735053144,0
2026-04-27 23:38:23,12.5,93.5,23.0,local_pc,0.0,0.0,9.600000000000001,3.3793490497431544,0
2026-04-27 23:38:24,15.1,94.1,23.0,local_pc,2.5999999999999996,0.5999999999999943,11.56,3.0916015267171644,0
2026-04-27 23:38:25,14.3,98.8,23.0,local_pc,-0.7999999999999989,4.700000000000003,12.220000000000002,3.288160580020368,0
2026-04-27 23:38:26,11.1,98.5,23.0,local_pc,-3.200000000000001,-0.29999999999999716,13.1,1.593737745050879,0
2026-04-27 23:38:27,8.1,98.4,23.0,local_pc,-3.0,-0.09999999999999432,12.220000000000002,2.7806474066303126,0
2026-04-27 23:38:28,10.9,98.3,23.0,local_pc,2.8000000000000007,-0.10000000000000853,11.900000000000002,2.83196045170124,0
2026-04-27 23:38:29,8.3,98.4,23.0,local_pc,-2.5999999999999996,0.10000000000000853,10.540000000000001,2.5274493071078457,0
2026-04-27 23:38:30,5.5,98.3,23.0,local_pc,-2.8000000000000007,-0.10000000000000853,8.780000000000001,2.309112383579452,0
2026-04-27 23:38:31,17.8,98.3,23.1,local_pc,12.3,0.0,10.120000000000001,4.699148859102033,0
2026-04-27 23:38:32,14.0,97.3,23.1,local_pc,-3.8000000000000007,-1.0,11.3,4.80468521341408,0
2026-04-27 23:38:33,10.4,97.0,23.1,local_pc,-3.5999999999999996,-0.29999999999999716,11.200000000000001,4.8202697019980025,0
2026-04-27 23:38:34,4.2,96.9,23.1,local_pc,-6.2,-0.09999999999999432,10.38,5.704559579844874,0
2026-04-27 23:38:35,3.4,96.9,23.1,local_pc,-0.8000000000000003,0.0,9.96,6.208703568378824,0
2026-04-27 23:38:36,7.8,96.8,23.1,local_pc,4.4,-0.10000000000000853,7.960000000000003,4.3986361522635615,0
2026-04-27 23:38:37,7.4,97.2,23.1,local_pc,-0.39999999999999947,0.4000000000000057,6.640000000000002,2.850964748992879,0
2026-04-27 23:38:38,7.4,94.7,23.1,local_pc,0.0,-2.5,6.040000000000002,2.0707486568871767,0
2026-04-27 23:38:39,17.8,93.3,23.1,local_pc,10.4,-1.4000000000000057,8.760000000000002,5.363580893395753,0
2026-04-27 23:38:40,5.0,92.8,23.1,local_pc,-12.8,-0.5,9.080000000000002,4.999199935989755,0
2026-04-27 23:38:41,9.9,88.1,23.1,local_pc,4.9,-4.700000000000003,9.500000000000004,4.952776998815913,0
2026-04-27 23:38:42,3.4,87.9,23.1,local_pc,-6.5,-0.19999999999998863,8.700000000000001,5.650663677834665,0
2026-04-27 23:38:43,4.5,87.7,23.1,local_pc,1.1,-0.20000000000000284,8.120000000000001,5.9579358841800225,0
2026-04-27 23:38:44,6.5,86.7,23.1,local_pc,2.0,-1.0,5.860000000000001,2.5185313180502695,0
2026-04-27 23:38:45,7.5,86.6,23.1,local_pc,1.0,-0.10000000000000853,6.360000000000001,2.5530374066981505,0
2026-04-27 23:38:46,5.3,86.7,23.1,local_pc,-2.2,0.10000000000000853,5.440000000000001,1.6149303390549195,0
2026-04-27 23:38:47,9.2,87.2,23.1,local_pc,3.8999999999999995,0.5,6.600000000000001,1.849324200890696,0
2026-04-27 23:38:48,4.9,88.4,23.1,local_pc,-4.299999999999999,1.2000000000000028,6.6800000000000015,1.741263908774316,0
2026-04-27 23:38:49,8.7,88.5,23.1,local_pc,3.799999999999999,0.09999999999999432,7.120000000000002,1.9498717906570164,0
2026-04-27 23:38:50,6.3,88.6,23.1,local_pc,-2.3999999999999995,0.09999999999999432,6.880000000000001,1.965197191123579,0
2026-04-27 23:38:51,10.2,88.6,23.1,local_pc,3.8999999999999995,0.0,7.860000000000001,2.1892921230388565,0
2026-04-27 23:38:52,9.8,89.3,23.1,local_pc,-0.3999999999999986,0.7000000000000028,7.980000000000001,2.2949945533704392,0
2026-04-27 23:38:54,24.7,90.2,23.1,local_pc,14.899999999999999,0.9000000000000057,11.940000000000001,7.292667550354938,0
2026-04-27 23:38:55,38.1,91.0,23.1,local_pc,13.400000000000002,0.7999999999999972,17.82,13.357656980174323,0
2026-04-27 23:38:56,65.3,93.4,23.1,local_pc,27.199999999999996,2.4000000000000057,29.620000000000005,23.125462157544,1
2026-04-27 23:38:57,47.5,95.0,23.1,local_pc,-17.799999999999997,1.5999999999999943,37.080000000000005,21.2335112499087,1
2026-04-27 23:38:58,57.8,95.8,23.1,local_pc,10.299999999999997,0.7999999999999972,46.68,16.029410469508832,0
2026-04-27 23:38:59,44.4,96.6,23.1,local_pc,-13.399999999999999,0.7999999999999972,50.620000000000005,10.865403812100094,0
2026-04-27 23:39:00,13.5,97.2,23.1,local_pc,-30.9,0.6000000000000085,45.7,19.82637132709865,1
2026-04-27 23:39:01,11.6,97.4,23.1,local_pc,-1.9000000000000004,0.20000000000000284,34.96,21.060935401828658,1
2026-04-27 23:39:02,75.5,97.4,23.1,local_pc,63.9,0.0,40.56,27.855394450626605,1
2026-04-27 23:39:04,96.9,98.0,23.1,local_pc,21.400000000000006,0.5999999999999943,48.38,37.665992619337665,1
2026-04-27 23:39:05,95.4,98.0,23.1,local_pc,-1.5,0.0,58.580000000000005,42.865335645483974,1
2026-04-27 23:39:06,52.8,98.4,23.1,local_pc,-42.60000000000001,0.4000000000000057,66.44000000000001,35.50370403211472,1
2026-04-27 23:39:07,19.5,98.1,23.1,local_pc,-33.3,-0.30000000000001137,68.02000000000001,32.501953787426366,1
2026-04-27 23:39:08,34.5,98.4,23.1,local_pc,15.0,0.30000000000001137,59.82000000000001,35.202798184235284,1
2026-04-27 23:39:09,40.2,97.4,23.1,local_pc,5.700000000000003,-1.0,48.480000000000004,28.82701857632869,1
2026-04-27 23:39:10,63.1,97.5,23.1,local_pc,22.9,0.09999999999999432,42.019999999999996,16.78978856329047,0
2026-04-27 23:39:11,61.1,95.1,23.1,local_pc,-2.0,-2.4000000000000057,43.68000000000001,18.45025745077828,0
2026-04-27 23:39:12,47.8,95.5,23.1,local_pc,-13.300000000000004,0.4000000000000057,49.34,12.587414349261698,0
2026-04-27 23:39:14,55.9,95.9,23.1,local_pc,8.100000000000001,0.4000000000000057,53.620000000000005,9.552329558803924,0
2026-04-27 23:39:15,28.6,95.9,23.1,local_pc,-27.299999999999997,0.0,51.3,13.999821427432538,0
2026-04-27 23:39:16,53.8,96.3,23.1,local_pc,25.199999999999996,0.3999999999999915,49.44,12.586619879856515,0
2026-04-27 23:39:17,30.1,96.5,23.1,local_pc,-23.699999999999996,0.20000000000000284,43.24,13.034300901851216,0
2026-04-27 23:39:18,45.1,96.8,23.1,local_pc,15.0,0.29999999999999716,42.7,12.852820702087127,0
2026-04-27 23:39:19,16.1,97.2,23.1,local_pc,-29.0,0.4000000000000057,34.74,14.809557724658749,0
2026-04-27 23:39:20,7.6,97.1,23.1,local_pc,-8.500000000000002,-0.10000000000000853,30.540000000000003,19.287120054585646,0
2026-04-27 23:39:21,10.1,97.1,23.1,local_pc,2.5,0.0,21.800000000000004,15.674820573135758,0
2026-04-27 23:39:22,11.1,97.2,23.1,local_pc,1.0,0.10000000000000853,18.000000000000004,15.461241864740364,0
2026-04-27 23:39:23,11.1,96.7,23.1,local_pc,0.0,-0.5,11.200000000000003,3.0903074280725162,0
2026-04-27 23:39:24,7.4,96.5,23.1,local_pc,-3.6999999999999993,-0.20000000000000284,9.460000000000003,1.8365728953679448,0
2026-04-27 23:39:25,3.3,96.3,23.1,local_pc,-4.1000000000000005,-0.20000000000000284,8.600000000000003,3.3271609519228567,0
2026-04-27 23:39:26,4.4,96.4,23.1,local_pc,1.1000000000000005,0.10000000000000853,7.4600000000000035,3.6459566645806736,0
2026-04-27 23:39:27,4.9,96.4,23.1,local_pc,0.5,0.0,6.220000000000003,3.114000642260732,0
2026-04-27 23:39:28,3.4,96.3,23.1,local_pc,-1.5000000000000004,-0.10000000000000853,4.680000000000003,1.6634301909008022,0
2026-04-27 23:39:29,7.4,96.4,23.1,local_pc,4.0,0.10000000000000853,4.680000000000002,1.6634301909008022,0
2026-04-27 23:39:30,6.3,96.6,23.1,local_pc,-1.1000000000000005,0.19999999999998863,5.280000000000003,1.5801898620103436,0
2026-04-27 23:39:31,4.0,96.4,23.1,local_pc,-2.3,-0.19999999999998863,5.200000000000003,1.6446884203399348,0
2026-04-27 23:39:32,4.0,93.7,23.1,local_pc,0.0,-2.700000000000003,5.020000000000003,1.7326280616451624,0
2026-04-27 23:39:33,5.1,93.6,23.1,local_pc,1.0999999999999996,-0.10000000000000853,5.360000000000002,1.484250652686489,0
2026-04-27 23:39:34,5.9,94.0,23.1,local_pc,0.8000000000000007,0.4000000000000057,5.060000000000003,1.0597169433392448,0
2026-04-27 23:39:35,5.7,92.7,23.1,local_pc,-0.20000000000000018,-1.2999999999999972,4.940000000000003,0.907193474403489,0
2026-04-27 23:39:36,3.3,92.5,23.1,local_pc,-2.4000000000000004,-0.20000000000000284,4.8000000000000025,1.1180339887500181,0
2026-04-27 23:39:37,6.9,90.9,23.1,local_pc,3.6000000000000005,-1.5999999999999943,5.380000000000003,1.3311649033835997,0
2026-04-27 23:39:38,3.1,89.6,23.1,local_pc,-3.8000000000000003,-1.3000000000000114,4.980000000000003,1.688786546606845,0
2026-04-27 23:39:39,2.9,89.7,23.1,local_pc,-0.20000000000000018,0.10000000000000853,4.380000000000003,1.8088670487352798,0
2026-04-27 23:39:40,4.9,89.8,23.1,local_pc,2.0000000000000004,0.09999999999999432,4.220000000000003,1.6946976131452725,0
2026-04-27 23:39:41,15.4,95.0,23.1,local_pc,10.5,5.200000000000003,6.640000000000003,5.156355301955078,0
2026-04-27 23:39:42,18.5,94.0,23.1,local_pc,3.0999999999999996,-1.0,8.960000000000003,7.416737827373988,0
2026-04-27 23:39:43,8.7,93.9,23.1,local_pc,-9.8,-0.09999999999999432,10.080000000000002,6.698656581733401,0
2026-04-27 23:39:44,14.6,94.2,23.1,local_pc,5.9,0.29999999999999716,12.420000000000003,5.49972726596512,0
2026-04-27 23:39:45,9.8,94.0,23.1,local_pc,-4.799999999999999,-0.20000000000000284,13.400000000000002,4.077376607575043,0
2026-04-27 23:39:46,5.7,94.1,23.1,local_pc,-4.1000000000000005,0.09999999999999432,11.460000000000003,5.073756005170154,0
2026-04-27 23:39:47,5.6,94.1,23.1,local_pc,-0.10000000000000053,0.0,8.880000000000003,3.690121949204421,0
2026-04-27 23:39:48,12.5,94.3,23.1,local_pc,6.9,0.20000000000000284,9.640000000000004,4.020323370078609,0
2026-04-27 23:39:49,7.0,94.4,23.1,local_pc,-5.5,0.10000000000000853,8.120000000000001,2.9777508290654957,0
2026-04-27 23:39:50,20.9,95.0,23.1,local_pc,13.899999999999999,0.5999999999999943,10.340000000000003,6.54469250614574,0
2026-04-27 23:39:51,10.6,95.2,23.1,local_pc,-10.299999999999999,0.20000000000000284,11.320000000000002,6.022208897074244,0
2026-04-27 23:39:52,21.1,94.2,23.1,local_pc,10.500000000000002,-1.0,14.420000000000002,6.323527496579748,0
2026-04-27 23:39:53,23.8,95.0,23.1,local_pc,2.6999999999999993,0.7999999999999972,16.68,7.394389765220663,0
2026-04-27 23:39:54,17.0,97.3,23.2,local_pc,-6.800000000000001,2.299999999999997,18.68,5.1261096359715195,0
2026-04-27 23:39:55,12.0,96.4,23.2,local_pc,-5.0,-0.8999999999999915,16.900000000000002,5.678027826631364,0
2026-04-27 23:39:56,8.0,96.4,23.2,local_pc,-4.0,0.0,16.380000000000003,6.463899751697895,0
2026-04-27 23:39:57,4.7,96.5,23.2,local_pc,-3.3,0.09999999999999432,13.100000000000003,7.541220060441158,0
2026-04-27 23:39:58,5.1,96.4,23.2,local_pc,0.39999999999999947,-0.09999999999999432,9.360000000000003,5.173296821177013,0
2026-04-27 23:39:59,5.2,96.4,23.2,local_pc,0.10000000000000053,0.0,7.000000000000003,3.0878795313289373,0
2026-04-27 23:40:01,11.1,96.2,23.2,local_pc,5.8999999999999995,-0.20000000000000284,6.820000000000003,2.72891919997647,0
2026-04-27 23:40:02,8.2,95.9,23.2,local_pc,-2.9000000000000004,-0.29999999999999716,6.860000000000002,2.7519084287091053,0
2026-04-27 23:40:03,17.6,96.0,23.2,local_pc,9.400000000000002,0.09999999999999432,9.440000000000003,5.188737804129264,0
2026-04-27 23:40:04,8.3,95.9,23.2,local_pc,-9.3,-0.09999999999999432,10.080000000000002,4.693293086948669,0
2026-04-27 23:40:05,11.2,95.9,23.2,local_pc,2.8999999999999986,0.0,11.280000000000005,3.819293128315781,0
2026-04-27 23:40:06,12.7,92.4,23.2,local_pc,1.5,-3.5,11.600000000000003,3.86716950753392,0
2026-04-27 23:40:07,6.2,92.3,23.2,local_pc,-6.499999999999999,-0.10000000000000853,11.200000000000003,4.376642548803837,0
2026-04-27 23:40:08,5.1,92.4,23.2,local_pc,-1.1000000000000005,0.10000000000000853,8.700000000000001,3.2256782232578924,0
2026-04-27 23:40:09,4.1,90.9,23.2,local_pc,-1.0,-1.5,7.860000000000001,3.843566052509077,0
2026-04-27 23:40:10,6.0,90.8,23.2,local_pc,1.9000000000000004,-0.10000000000000853,6.820000000000002,3.3907226368431007,0
2026-04-27 23:40:11,10.3,88.5,23.2,local_pc,4.300000000000001,-2.299999999999997,6.340000000000002,2.3649524308112926,0
2026-04-27 23:40:12,6.4,88.0,23.2,local_pc,-3.9000000000000004,-0.5,6.380000000000003,2.363683565962297,0
2026-04-27 23:40:13,3.4,87.9,23.2,local_pc,-3.0000000000000004,-0.09999999999999432,6.040000000000002,2.6931394319641613,0
2026-04-27 23:40:14,4.3,87.8,23.2,local_pc,0.8999999999999999,-0.10000000000000853,6.080000000000003,2.6583829671437944,0
2026-04-27 23:40:15,5.2,87.8,23.2,local_pc,0.9000000000000004,0.0,5.920000000000003,2.688308018066428,0
2026-04-27 23:40:16,3.8,87.9,23.2,local_pc,-1.4000000000000004,0.10000000000000853,4.620000000000002,1.200833044182359,0
2026-04-27 23:40:17,4.3,87.7,23.2,local_pc,0.5,-0.20000000000000284,4.200000000000002,0.6745368781618089,0
2026-04-27 23:40:18,3.9,87.7,23.2,local_pc,-0.3999999999999999,0.0,4.3000000000000025,0.5522680508596141,0
2026-04-27 23:40:19,5.2,87.8,23.2,local_pc,1.3000000000000003,0.09999999999999432,4.480000000000002,0.6833739825309959,0
2026-04-27 23:40:20,4.3,87.7,23.2,local_pc,-0.9000000000000004,-0.09999999999999432,4.3000000000000025,0.5522680508596141,0
2026-04-27 23:40:21,7.3,87.4,23.2,local_pc,3.0,-0.29999999999999716,5.000000000000002,1.3711309200803048,0
2026-04-27 23:40:22,6.5,87.3,23.2,local_pc,-0.7999999999999998,-0.10000000000000853,5.440000000000002,1.4415269681834797,0
2026-04-27 23:40:23,5.4,87.1,23.2,local_pc,-1.0999999999999996,-0.20000000000000284,5.740000000000002,1.1717508267546686,0
2026-04-27 23:40:24,6.0,86.9,23.2,local_pc,0.5999999999999996,-0.19999999999998863,5.900000000000002,1.1335784048755722,0
2026-04-27 23:40:25,3.4,86.8,23.2,local_pc,-2.6,-0.10000000000000853,5.7200000000000015,1.4720733677368971,0
2026-04-27 23:40:26,8.7,86.9,23.2,local_pc,5.299999999999999,0.10000000000000853,6.000000000000003,1.9144189719077283,0
2026-04-27 23:40:27,6.7,86.8,23.2,local_pc,-1.9999999999999991,-0.10000000000000853,6.040000000000003,1.9295077092357633,0
2026-04-27 23:40:28,8.6,86.7,23.2,local_pc,1.8999999999999995,-0.09999999999999432,6.6800000000000015,2.1787611158638365,0
2026-04-27 23:40:29,4.2,86.8,23.2,local_pc,-4.3999999999999995,0.09999999999999432,6.320000000000002,2.4509181952893155,0
2026-04-27 23:40:30,6.0,86.8,23.2,local_pc,1.7999999999999998,0.0,6.840000000000002,1.887591057406298,0
2026-04-27 23:40:31,10.1,86.8,23.2,local_pc,4.1,0.0,7.120000000000002,2.2928148638737103,0
2026-04-27 23:40:32,15.2,87.3,23.2,local_pc,5.1,0.5,8.820000000000002,4.2334383189081874,0
2026-04-27 23:40:33,46.2,87.7,23.2,local_pc,31.000000000000004,0.4000000000000057,16.340000000000003,17.220278743388565,1
2026-04-27 23:40:34,56.9,89.1,23.2,local_pc,10.699999999999996,1.3999999999999915,26.880000000000003,23.06744459189184,1
2026-04-27 23:40:35,14.2,89.3,23.2,local_pc,-42.7,0.20000000000000284,28.520000000000003,21.44637498506449,1
2026-04-27 23:40:36,37.5,89.4,23.2,local_pc,23.3,0.10000000000000853,34.0,18.914148143651616,0
2026-04-27 23:40:37,14.7,90.0,23.2,local_pc,-22.8,0.5999999999999943,33.9,19.039301457774123,0
2026-04-27 23:40:38,14.3,90.2,23.2,local_pc,-0.3999999999999986,0.20000000000000284,27.520000000000003,19.231016613793457,0
2026-04-27 23:40:39,13.2,90.9,23.2,local_pc,-1.1000000000000014,0.7000000000000028,18.78,10.479360667521664,0
2026-04-27 23:40:40,14.0,90.1,23.2,local_pc,0.8000000000000007,-0.8000000000000114,18.740000000000002,10.501571310999134,0
2026-04-27 23:40:42,22.8,90.9,23.2,local_pc,8.8,0.8000000000000114,15.800000000000002,3.9515819616958616,0
2026-04-27 23:40:43,19.0,91.5,23.2,local_pc,-3.8000000000000007,0.5999999999999943,16.660000000000004,4.116794869798604,0
2026-04-27 23:40:44,12.0,91.7,23.2,local_pc,-7.0,0.20000000000000284,16.200000000000003,4.551922670696428,0
2026-04-27 23:40:45,7.7,91.8,23.2,local_pc,-4.3,0.09999999999999432,15.100000000000003,5.9177698502054055,0
2026-04-27 23:40:46,10.1,91.4,23.2,local_pc,2.3999999999999995,-0.3999999999999915,14.320000000000002,6.340898989890953,0
2026-04-27 23:40:47,10.8,91.2,23.2,local_pc,0.7000000000000011,-0.20000000000000284,11.920000000000003,4.257581473090107,0
2026-04-27 23:40:48,13.6,91.3,23.2,local_pc,2.799999999999999,0.09999999999999432,10.840000000000003,2.200681712560934,0
2026-04-27 23:40:49,9.2,91.4,23.2,local_pc,-4.4,0.10000000000000853,10.280000000000003,2.1879213879845247,0
2026-04-27 23:40:50,6.3,91.4,23.2,local_pc,-2.8999999999999995,0.0,10.000000000000004,2.6429150572805264,0
2026-04-27 23:40:51,5.5,91.4,23.2,local_pc,-0.7999999999999998,0.0,9.080000000000004,3.3146643872344197,0
2026-04-27 23:40:52,11.2,91.8,23.2,local_pc,5.699999999999999,0.3999999999999915,9.160000000000002,3.3709049230140162,0
2026-04-27 23:40:53,20.4,92.2,23.2,local_pc,9.2,0.4000000000000057,10.520000000000001,5.97553344899015,0
2026-04-27 23:40:54,7.2,91.2,23.2,local_pc,-13.2,-1.0,10.120000000000003,6.150365842777169,0
2026-04-27 23:40:55,6.3,91.1,23.2,local_pc,-0.9000000000000004,-0.10000000000000853,10.120000000000001,6.150365842777169,0
2026-04-27 23:40:56,7.9,91.1,23.2,local_pc,1.6000000000000005,0.0,10.600000000000001,5.782300580218925,0
2026-04-27 23:40:57,5.0,91.4,23.2,local_pc,-2.9000000000000004,0.30000000000001137,9.360000000000003,6.266019470126159,0
2026-04-27 23:40:58,4.8,91.2,23.2,local_pc,-0.20000000000000018,-0.20000000000000284,6.240000000000003,1.3501851724856575,0
2026-04-27 23:40:59,21.6,96.9,23.2,local_pc,16.8,5.700000000000003,9.120000000000003,7.085689804105182,0
2026-04-27 23:41:00,8.2,96.9,23.2,local_pc,-13.400000000000002,0.0,9.500000000000004,6.946221994724913,0
2026-04-27 23:41:01,22.3,96.5,23.2,local_pc,14.100000000000001,-0.4000000000000057,12.380000000000003,8.843189469868896,0
2026-04-27 23:41:02,7.7,96.3,23.2,local_pc,-14.600000000000001,-0.20000000000000284,12.920000000000002,8.348472914252051,0
2026-04-27 23:41:03,10.7,96.1,23.2,local_pc,2.999999999999999,-0.20000000000000284,14.100000000000003,7.259820934430831,0
2026-04-27 23:41:04,10.4,96.4,23.2,local_pc,-0.29999999999999893,0.30000000000001137,11.860000000000003,5.982725131576759,0
2026-04-27 23:41:05,7.6,96.6,23.2,local_pc,-2.8000000000000007,0.19999999999998863,11.740000000000002,6.079720388307356,0
2026-04-27 23:41:06,9.2,96.6,23.2,local_pc,1.5999999999999996,0.0,9.120000000000001,1.4549914089093992,0
2026-04-27 23:41:07,9.6,96.4,23.2,local_pc,0.40000000000000036,-0.19999999999998863,9.500000000000002,1.2206555615734347,0
2026-04-27 23:41:08,16.2,98.7,23.3,local_pc,6.6,2.299999999999997,10.600000000000003,3.2924155266308883,0
2026-04-27 23:41:09,6.3,98.0,23.3,local_pc,-9.899999999999999,-0.7000000000000028,9.780000000000003,3.8225645841503,0
2026-04-27 23:41:10,11.9,98.2,23.3,local_pc,5.6000000000000005,0.20000000000000284,10.640000000000004,3.6909348409312446,0
2026-04-27 23:41:11,8.0,98.1,23.3,local_pc,-3.9000000000000004,-0.10000000000000853,10.400000000000002,3.8438262187565337,0
2026-04-27 23:41:12,5.5,98.1,23.3,local_pc,-2.5,0.0,9.580000000000004,4.4471339084853465,0
2026-04-27 23:41:13,7.3,98.0,23.3,local_pc,1.7999999999999998,-0.09999999999999432,7.8000000000000025,2.4819347291982043,0
2026-04-27 23:41:14,10.4,98.0,23.3,local_pc,3.1000000000000005,0.0,8.620000000000003,2.5390943267236374,0
2026-04-27 23:41:15,14.5,98.0,23.3,local_pc,4.1,0.0,9.140000000000004,3.473182978191641,0
2026-04-27 23:41:16,10.5,95.3,23.3,local_pc,-4.0,-2.700000000000003,9.640000000000004,3.4478979103216143,0
2026-04-27 23:41:17,14.4,95.3,23.3,local_pc,3.9000000000000004,0.0,11.420000000000003,3.050737615725113,0
2026-04-27 23:41:18,10.5,95.3,23.3,local_pc,-3.9000000000000004,0.0,12.060000000000004,2.1824298385057292,0
2026-04-27 23:41:19,23.8,94.2,23.3,local_pc,13.3,-1.0999999999999943,14.740000000000004,5.436267101605672,0
2026-04-27 23:41:20,23.1,92.4,23.3,local_pc,-0.6999999999999993,-1.7999999999999972,16.46,6.581261277293292,0
2026-04-27 23:41:21,5.9,92.5,23.3,local_pc,-17.200000000000003,0.09999999999999432,15.540000000000003,7.826429581871937,0
2026-04-27 23:41:22,17.5,85.2,23.3,local_pc,11.6,-7.299999999999997,16.160000000000004,7.836325669597974,0
2026-04-27 23:41:23,8.3,84.0,23.3,local_pc,-9.2,-1.2000000000000028,15.720000000000002,8.282632431781584,0
2026-04-27 23:41:24,9.1,83.8,23.3,local_pc,0.7999999999999989,-0.20000000000000284,12.780000000000003,7.240994406847733,0
2026-04-27 23:41:25,12.5,83.9,23.3,local_pc,3.4000000000000004,0.10000000000000853,10.660000000000002,4.495330911067633,0
2026-04-27 23:41:27,6.1,83.8,23.3,local_pc,-6.4,-0.10000000000000853,10.700000000000003,4.44297197830463,0
2026-04-27 23:41:28,9.0,83.8,23.3,local_pc,2.9000000000000004,0.0,9.000000000000004,2.300000000000036,0
2026-04-27 23:41:29,6.9,83.2,23.3,local_pc,-2.0999999999999996,-0.5999999999999943,8.720000000000002,2.4843510218968987,0
2026-04-27 23:41:30,9.0,83.2,23.3,local_pc,2.0999999999999996,0.0,8.700000000000003,2.4809272460110887,0
2026-04-27 23:41:31,11.3,82.6,23.3,local_pc,2.3000000000000007,-0.6000000000000085,8.460000000000004,2.040343108401175,0
2026-04-27 23:41:32,6.6,82.7,23.3,local_pc,-4.700000000000001,0.10000000000000853,8.560000000000002,1.9034179782696623,0
2026-04-27 23:41:33,7.1,82.4,23.3,local_pc,0.5,-0.29999999999999716,8.180000000000003,1.9816659657975086,0
2026-04-27 23:41:34,8.9,82.4,23.3,local_pc,1.8000000000000007,0.0,8.580000000000004,1.856609813611942,0
2026-04-27 23:41:35,7.6,82.4,23.3,local_pc,-1.3000000000000007,0.0,8.300000000000002,1.882817038376319,0
2026-04-27 23:41:36,8.6,82.2,23.3,local_pc,1.0,-0.20000000000000284,7.7600000000000025,0.9762171889493534,0
2026-04-27 23:41:37,8.4,82.2,23.3,local_pc,-0.1999999999999993,0.0,8.120000000000003,0.7463243262819276,0
2026-04-27 23:41:38,6.9,82.2,23.3,local_pc,-1.5,0.0,8.080000000000004,0.8167006795639224,0
2026-04-27 23:41:39,9.2,82.2,23.3,local_pc,2.299999999999999,0.0,8.140000000000004,0.8988882021698646,0
2026-04-27 23:41:40,10.3,82.2,23.3,local_pc,1.1000000000000014,0.0,8.680000000000003,1.239758040909663,0
2026-04-27 23:41:41,10.2,82.1,23.3,local_pc,-0.10000000000000142,-0.10000000000000853,9.000000000000004,1.4089002803605943,0
2026-04-27 23:41:42,6.5,82.2,23.3,local_pc,-3.6999999999999993,0.10000000000000853,8.620000000000001,1.8102486017119763,0
2026-04-27 23:41:43,9.2,82.2,23.3,local_pc,2.6999999999999993,0.0,9.080000000000002,1.5352524222420756,0
2026-04-27 23:41:44,9.4,82.2,23.3,local_pc,0.20000000000000107,0.0,9.120000000000003,1.541752249876795,0
2026-04-27 23:41:45,5.7,82.3,23.3,local_pc,-3.7,0.09999999999999432,8.200000000000003,1.973575435599099,0
2026-04-27 23:41:46,3.8,82.2,23.3,local_pc,-1.9000000000000004,-0.09999999999999432,6.9200000000000035,2.3847431727547086,0
2026-04-27 23:41:47,2.4,82.2,23.3,local_pc,-1.4,0.0,6.100000000000003,3.1480152477394716,0
2026-04-27 23:41:48,3.2,82.3,23.3,local_pc,0.8000000000000003,0.09999999999999432,4.900000000000003,2.7946377224964642,0
2026-04-27 23:41:49,2.3,82.4,23.3,local_pc,-0.9000000000000004,0.10000000000000853,3.4800000000000026,1.384557691105807,0
2026-04-27 23:41:50,4.0,82.3,23.3,local_pc,1.7000000000000002,-0.10000000000000853,3.1400000000000032,0.7797435475848763,0
2026-04-27 23:41:51,7.6,81.5,23.3,local_pc,3.5999999999999996,-0.7999999999999972,3.900000000000003,2.179449471770391,0
2026-04-27 23:41:52,10.0,81.1,23.2,local_pc,2.4000000000000004,-0.4000000000000057,5.4200000000000035,3.2560712522916657,0
2026-04-27 23:41:53,9.0,81.2,23.2,local_pc,-1.0,0.10000000000000853,6.580000000000003,3.3003030163911014,0
2026-04-27 23:41:54,7.0,81.2,23.2,local_pc,-2.0,0.0,7.520000000000003,2.291724241701036,0
2026-04-27 23:41:55,4.0,81.2,23.2,local_pc,-3.0,0.0,7.520000000000003,2.291724241701036,0
2026-04-27 23:41:56,13.9,81.1,23.2,local_pc,9.9,-0.10000000000000853,8.780000000000003,3.6663333181804645,0
2026-04-27 23:41:57,11.4,81.1,23.2,local_pc,-2.5,0.0,9.060000000000002,3.8324926614411376,0
2026-04-27 23:41:58,8.0,81.1,23.2,local_pc,-3.4000000000000004,0.0,8.860000000000003,3.8623826843025504,0
2026-04-27 23:41:59,9.3,81.0,23.2,local_pc,1.3000000000000007,-0.09999999999999432,9.320000000000004,3.7198118231975354,0
2026-04-27 23:42:00,7.0,81.1,23.2,local_pc,-2.3000000000000007,0.09999999999999432,9.920000000000003,2.767128475513952,0
2026-04-27 23:42:01,9.8,81.2,23.2,local_pc,2.8000000000000007,0.10000000000000853,9.100000000000003,1.691153452528827,0
2026-04-27 23:42:02,5.2,81.3,23.2,local_pc,-4.6000000000000005,0.09999999999999432,7.860000000000002,1.8487833837419072,0
2026-04-27 23:42:03,7.9,81.2,23.2,local_pc,2.7,-0.09999999999999432,7.840000000000003,1.847430648224765,0
2026-04-27 23:42:04,6.8,81.2,23.2,local_pc,-1.1000000000000005,0.0,7.340000000000003,1.68463645929921,0
2026-04-27 23:42:05,14.4,81.2,23.2,local_pc,7.6000000000000005,0.0,8.820000000000004,3.540056496724335,0
2026-04-27 23:42:06,10.6,80.5,23.2,local_pc,-3.8000000000000007,-0.7000000000000028,8.980000000000002,3.61275518129864,0
2026-04-27 23:42:07,8.3,80.6,23.2,local_pc,-2.299999999999999,0.09999999999999432,9.600000000000003,3.0191058278901326,0
2026-04-27 23:42:08,11.2,80.9,23.2,local_pc,2.8999999999999986,0.30000000000001137,10.260000000000003,2.9134172375408505,0
2026-04-27 23:42:09,12.9,81.0,23.2,local_pc,1.700000000000001,0.09999999999999432,11.480000000000002,2.318835914850414,0
2026-04-27 23:42:10,18.4,77.8,23.2,local_pc,5.499999999999998,-3.200000000000003,12.280000000000003,3.796972478172596,0
2026-04-27 23:42:11,26.9,69.8,23.0,local_pc,8.5,-8.0,15.540000000000003,7.339141639183707,0
2026-04-27 23:42:12,15.1,70.3,23.0,local_pc,-11.799999999999999,0.5,16.900000000000002,6.204433898431033,0
2026-04-27 23:42:13,13.6,69.8,23.0,local_pc,-1.5,-0.5,17.380000000000003,5.727739519216993,0
2026-04-27 23:42:14,5.3,69.8,23.0,local_pc,-8.3,0.0,15.86,7.834730371876247,0
2026-04-27 23:42:15,14.1,69.7,23.0,local_pc,8.8,-0.09999999999999432,15.000000000000004,7.721398836998392,0
2026-04-27 23:42:16,9.3,69.7,23.0,local_pc,-4.799999999999999,0.0,11.480000000000002,4.105118755894909,0
2026-04-27 23:42:17,6.4,68.2,22.9,local_pc,-2.9000000000000004,-1.5,9.740000000000002,4.030260537483921,0
2026-04-27 23:42:18,16.5,68.1,22.9,local_pc,10.1,-0.10000000000000853,10.320000000000002,4.849948453334342,0
2026-04-27 23:42:19,18.9,68.1,22.9,local_pc,2.3999999999999986,0.0,13.040000000000003,5.135951713168666,0
2026-04-27 23:42:20,19.4,68.1,22.9,local_pc,0.5,0.0,14.100000000000003,5.8995762559695875,0
2026-04-27 23:42:21,9.1,68.1,22.9,local_pc,-10.299999999999999,0.0,14.060000000000002,5.940791193098789,0
2026-04-27 23:42:22,16.0,68.7,22.9,local_pc,6.9,0.6000000000000085,15.98,4.11788780808804,0
2026-04-27 23:42:23,1.9,68.7,22.9,local_pc,-14.1,0.0,13.060000000000002,7.469471199489302,0
2026-04-27 23:42:24,3.4,68.6,22.9,local_pc,1.5,-0.10000000000000853,9.960000000000003,7.653953226927911,0
2026-04-27 23:42:25,9.8,68.6,22.9,local_pc,6.4,0.0,8.040000000000003,5.630541714613276,0
2026-04-27 23:42:27,5.6,68.6,22.9,local_pc,-4.200000000000001,0.0,7.340000000000002,5.683132938793551,0
2026-04-27 23:42:28,2.3,68.5,22.9,local_pc,-3.3,-0.09999999999999432,4.600000000000002,3.2426840734182303,0
2026-04-27 23:42:29,5.5,68.6,22.9,local_pc,3.2,0.09999999999999432,5.320000000000002,2.871759042816831,0
2026-04-27 23:42:30,2.2,68.7,22.9,local_pc,-3.3,0.10000000000000853,5.080000000000003,3.112394576527893,0
2026-04-27 23:42:31,3.1,69.0,22.9,local_pc,0.8999999999999999,0.29999999999999716,3.740000000000003,1.6890825912311855,0
2026-04-27 23:42:32,2.3,69.3,22.9,local_pc,-0.8000000000000003,0.29999999999999716,3.0800000000000027,1.4007141035915447,0
2026-04-27 23:42:33,2.2,69.5,22.9,local_pc,-0.09999999999999964,0.20000000000000284,3.060000000000003,1.415273825095435,0
2026-04-27 23:42:34,0.8,69.4,22.9,local_pc,-1.4000000000000001,-0.09999999999999432,2.120000000000003,0.8288546314042499,0
2026-04-27 23:42:35,1.2,69.4,22.9,local_pc,0.3999999999999999,0.0,1.9200000000000028,0.9203260291876337,0
2026-04-27 23:42:36,1.7,69.3,22.9,local_pc,0.5,-0.10000000000000853,1.640000000000003,0.6426507605226033,0
2026-04-27 23:42:37,2.5,69.4,22.9,local_pc,0.8,0.10000000000000853,1.6800000000000026,0.6978538528949166,0
2026-04-27 23:42:38,2.5,69.5,22.9,local_pc,0.0,0.09999999999999432,1.7400000000000027,0.7635443667530258,0
2026-04-27 23:42:39,2.1,69.5,22.9,local_pc,-0.3999999999999999,0.0,2.0000000000000027,0.5567764362832505,0
2026-04-27 23:42:40,3.4,69.3,22.9,local_pc,1.2999999999999998,-0.20000000000000284,2.4400000000000026,0.6308724118237153,0
2026-04-27 23:42:41,2.7,69.3,22.9,local_pc,-0.6999999999999997,0.0,2.640000000000003,0.4774934554528149,0
2026-04-27 23:42:42,1.7,69.1,22.9,local_pc,-1.0000000000000002,-0.20000000000000284,2.4800000000000026,0.6418722614354596,0
2026-04-27 23:42:43,2.0,69.0,22.9,local_pc,0.30000000000000004,-0.09999999999999432,2.3800000000000026,0.6760177512464239,0
2026-04-27 23:42:44,7.9,68.9,22.9,local_pc,5.9,-0.09999999999999432,3.5400000000000027,2.5244801445050546,0
2026-04-27 23:42:45,8.6,68.9,22.9,local_pc,0.6999999999999993,0.0,4.580000000000004,3.378905148121245,0
2026-04-27 23:42:46,5.2,68.8,22.9,local_pc,-3.3999999999999995,-0.10000000000000853,5.080000000000004,3.2120087172982967,0
2026-04-27 23:42:47,5.6,68.8,22.9,local_pc,0.39999999999999947,0.0,5.860000000000003,2.6015380066415026,0
2026-04-27 23:42:48,5.7,68.8,22.9,local_pc,0.10000000000000053,0.0,6.600000000000003,1.5378556499230467,0
2026-04-27 23:42:49,4.4,68.8,22.9,local_pc,-1.2999999999999998,0.0,5.900000000000003,1.5937377450509984,0
2026-04-27 23:42:50,8.3,68.9,22.9,local_pc,3.9000000000000004,0.10000000000000853,5.840000000000003,1.4673104647620567,0
2026-04-27 23:42:51,8.9,68.8,22.9,local_pc,0.5999999999999996,-0.10000000000000853,6.580000000000004,1.9253571097332145,0
2026-04-27 23:42:52,8.7,67.4,22.9,local_pc,-0.20000000000000107,-1.3999999999999915,7.200000000000003,2.027313493271386,0
2026-04-27 23:42:53,8.2,67.4,22.9,local_pc,-0.5,0.0,7.700000000000003,1.8668154702595072,0
2026-04-27 23:42:54,2.5,67.4,22.9,local_pc,-5.699999999999999,0.0,7.320000000000003,2.7096125184240325,0
2026-04-27 23:42:55,1.7,67.3,22.9,local_pc,-0.8,-0.10000000000000853,6.000000000000002,3.5805027579936644,0
2026-04-27 23:42:56,1.7,67.4,22.9,local_pc,0.0,0.10000000000000853,4.560000000000002,3.5704341472712042,0
2026-04-27 23:42:57,1.0,67.3,22.9,local_pc,-0.7,-0.10000000000000853,3.0200000000000027,2.9439769020833477,0
2026-04-27 23:42:58,0.8,67.3,22.9,local_pc,-0.19999999999999996,0.0,1.540000000000003,0.6730527468187602,0
2026-04-27 23:42:59,2.0,67.3,22.9,local_pc,1.2,0.0,1.4400000000000028,0.5128352561985953,0
2026-04-27 23:43:00,1.6,67.3,22.9,local_pc,-0.3999999999999999,0.0,1.4200000000000028,0.5019960159207233,0
2026-04-27 23:43:01,1.2,67.3,22.9,local_pc,-0.40000000000000013,0.0,1.320000000000003,0.48166378315198244,0
2026-04-27 23:43:02,1.7,67.2,22.9,local_pc,0.5,-0.09999999999999432,1.4600000000000029,0.4669047011974486,0
2026-04-27 23:43:03,2.1,67.2,22.9,local_pc,0.40000000000000013,0.0,1.7200000000000029,0.3563705936244972,0
2026-04-27 23:43:04,2.6,67.2,22.9,local_pc,0.5,0.0,1.8400000000000027,0.5319774431310744,0
2026-04-27 23:43:05,0.9,67.2,22.9,local_pc,-1.7000000000000002,0.0,1.7000000000000028,0.6819090848494958,0
2026-04-27 23:43:06,1.2,67.2,22.9,local_pc,0.29999999999999993,0.0,1.7000000000000028,0.6819090848494958,0
2026-04-27 23:43:07,2.0,67.2,22.9,local_pc,0.8,0.0,1.760000000000003,0.6949820141559608,0
2026-04-27 23:43:08,2.1,67.2,22.9,local_pc,0.10000000000000009,0.0,1.760000000000003,0.6949820141559608,0
2026-04-27 23:43:09,0.8,67.1,22.9,local_pc,-1.3,-0.10000000000000853,1.400000000000003,0.6123724356960227,0
2026-04-27 23:43:10,5.5,67.2,22.9,local_pc,4.7,0.10000000000000853,2.320000000000003,1.859300943903453,0
2026-04-27 23:43:11,4.9,67.2,22.9,local_pc,-0.5999999999999996,0.0,3.060000000000003,2.0305171754999423,0
2026-04-27 23:43:12,10.0,67.2,22.9,local_pc,5.1,0.0,4.660000000000003,3.5613199800074478,0
2026-04-27 23:43:13,11.8,67.2,22.9,local_pc,1.8000000000000007,0.0,6.600000000000003,4.368638231760583,0
2026-04-27 23:43:14,13.5,67.3,22.9,local_pc,1.6999999999999993,0.09999999999999432,9.140000000000004,3.8095931541307944,0
2026-04-27 23:43:15,12.6,67.2,22.9,local_pc,-0.9000000000000004,-0.09999999999999432,10.560000000000004,3.416577234601934,0
2026-04-27 23:43:16,11.5,67.5,22.9,local_pc,-1.0999999999999996,0.29999999999999716,11.880000000000003,1.3065221008464372,0
2026-04-27 23:43:17,9.3,67.5,22.9,local_pc,-2.1999999999999993,0.0,11.740000000000004,1.5693947878084047,0
2026-04-27 23:43:18,16.4,67.4,22.9,local_pc,7.099999999999998,-0.09999999999999432,12.660000000000002,2.6140007651108625,0
2026-04-27 23:43:19,16.1,67.3,22.9,local_pc,-0.29999999999999716,-0.10000000000000853,13.180000000000001,3.0458168034207462,0
2026-04-27 23:43:20,25.6,67.2,22.9,local_pc,9.5,-0.09999999999999432,15.780000000000001,6.269529487928113,0
2026-04-27 23:43:22,25.5,67.1,22.9,local_pc,-0.10000000000000142,-0.10000000000000853,18.580000000000002,6.967567724823356,0
2026-04-27 23:43:23,25.6,67.1,22.9,local_pc,0.10000000000000142,0.0,21.840000000000003,5.104213945359274,0
2026-04-27 23:43:24,25.5,67.2,22.9,local_pc,-0.10000000000000142,0.10000000000000853,23.660000000000004,4.2264642433126145,0
2026-04-27 23:43:25,25.5,67.2,22.9,local_pc,0.0,0.0,25.540000000000003,0.05477225575108032,0
2026-04-27 23:43:27,25.3,67.2,22.9,local_pc,-0.1999999999999993,0.0,25.480000000000004,0.10954451150131544,0
2026-04-27 23:43:28,25.0,67.1,22.9,local_pc,-0.3000000000000007,-0.10000000000000853,25.380000000000003,0.23874672772639688,0
2026-04-27 23:43:29,24.9,67.2,22.9,local_pc,-0.10000000000000142,0.10000000000000853,25.240000000000002,0.2792848008754919,0
2026-04-27 23:43:31,24.7,67.1,22.9,local_pc,-0.1999999999999993,-0.10000000000000853,25.080000000000002,0.319374388453527,0
2026-04-27 23:43:32,12.7,67.2,22.9,local_pc,-12.0,0.10000000000000853,22.520000000000003,5.493814703828304,0
2026-04-27 23:43:33,13.2,67.3,22.9,local_pc,0.5,0.09999999999999432,20.1,6.530313928135467,0
2026-04-27 23:43:34,18.9,67.4,22.9,local_pc,5.699999999999999,0.10000000000000853,18.880000000000003,5.928068825511395,0
2026-04-27 23:43:35,10.4,67.5,22.9,local_pc,-8.499999999999998,0.09999999999999432,15.98,5.791977209899916,0
2026-04-27 23:43:36,16.1,67.5,22.9,local_pc,5.700000000000001,0.0,14.260000000000002,3.2928710876680247,0
2026-04-27 23:43:37,16.6,67.8,22.9,local_pc,0.5,0.29999999999999716,15.040000000000003,3.2928710876680265,0
2026-04-27 23:43:38,16.5,67.8,22.9,local_pc,-0.10000000000000142,0.0,15.700000000000003,3.159905061864995,0
2026-04-27 23:43:39,21.1,67.8,22.9,local_pc,4.600000000000001,0.0,16.140000000000004,3.8043396273203616,0
2026-04-27 23:43:40,24.1,67.8,22.9,local_pc,3.0,0.0,18.880000000000003,3.562583332358705,0
2026-04-27 23:43:42,25.5,67.8,22.9,local_pc,1.3999999999999986,0.0,20.76,4.159086438149617,0
2026-04-27 23:43:43,25.0,67.8,22.9,local_pc,-0.5,0.0,22.440000000000005,3.733363095119478,0
2026-04-27 23:43:45,25.0,67.8,22.9,local_pc,0.0,0.0,24.140000000000004,1.7728508115462214,0
2026-04-27 23:43:46,24.0,67.8,22.9,local_pc,-1.0,0.0,24.720000000000006,0.6457553716385972,0
2026-04-27 23:43:48,24.4,67.8,22.9,local_pc,0.3999999999999986,0.0,24.780000000000005,0.5848076606886269,0
2026-04-27 23:43:49,24.2,67.8,22.9,local_pc,-0.1999999999999993,0.0,24.520000000000003,0.4604345773289633,0
2026-04-27 23:43:50,23.2,67.8,22.9,local_pc,-1.0,0.0,24.160000000000004,0.6542170893519199,0
2026-04-27 23:43:52,10.6,67.8,22.9,local_pc,-12.6,0.0,21.280000000000005,5.987653964617534,0
2026-04-27 23:43:53,11.7,67.8,22.9,local_pc,1.0999999999999996,0.0,18.82,7.027232741271635,0
2026-04-27 23:43:54,10.1,67.8,22.9,local_pc,-1.5999999999999996,0.0,15.960000000000003,7.098098336878692,0
2026-04-27 23:43:55,9.0,67.8,22.9,local_pc,-1.0999999999999996,0.0,12.920000000000002,5.828121481232185,0
2026-04-27 23:43:56,11.2,67.8,22.9,local_pc,2.1999999999999993,0.0,10.520000000000001,1.042592921518281,0
2026-04-27 23:43:57,10.2,67.8,22.9,local_pc,-1.0,0.0,10.440000000000001,1.0502380682493013,0
2026-04-27 23:43:58,8.5,67.8,22.9,local_pc,-1.6999999999999993,0.0,9.800000000000002,1.0653637876331354,0
2026-04-27 23:43:59,12.8,67.8,22.9,local_pc,4.300000000000001,0.0,10.340000000000003,1.7314733610425619,0
2026-04-27 23:44:00,25.3,67.8,22.9,local_pc,12.5,0.0,13.600000000000003,6.724209990772155,0
2026-04-27 23:44:02,25.2,67.8,22.9,local_pc,-0.10000000000000142,0.0,16.400000000000002,8.22283406131974,0
2026-04-27 23:44:04,25.2,67.8,22.9,local_pc,0.0,0.0,19.4,8.131113084934935,0
2026-04-27 23:44:05,25.4,67.8,22.9,local_pc,0.1999999999999993,0.0,22.78,5.579605720837285,0
2026-04-27 23:44:07,25.6,67.4,22.9,local_pc,0.20000000000000284,-0.3999999999999915,25.340000000000003,0.16733200530741618,0
2026-04-27 23:44:08,24.8,67.4,22.9,local_pc,-0.8000000000000007,0.0,25.240000000000002,0.2966479394841619,0
2026-04-27 23:44:10,25.1,67.4,22.9,local_pc,0.3000000000000007,0.0,25.220000000000002,0.30331501776238917,0
2026-04-27 23:44:11,23.9,67.4,22.9,local_pc,-1.2000000000000028,0.0,24.96,0.6655824516918958,0
2026-04-27 23:44:12,13.0,67.4,22.9,local_pc,-10.899999999999999,0.0,22.480000000000004,5.33544749763318,0
2026-04-27 23:44:13,12.3,67.4,22.9,local_pc,-0.6999999999999993,0.0,19.82,6.564830538559251,0
2026-04-27 23:44:14,12.0,67.4,22.9,local_pc,-0.3000000000000007,0.0,17.26,6.632721914870253,0
2026-04-27 23:44:15,11.9,67.4,22.9,local_pc,-0.09999999999999964,0.0,14.620000000000005,5.205477883921907,0
2026-04-27 23:44:16,23.8,67.3,22.9,local_pc,11.9,-0.10000000000000853,14.600000000000003,5.1609107723346765,0
2026-04-27 23:44:17,14.0,67.3,22.9,local_pc,-9.8,0.0,14.800000000000002,5.10245039172358,0
2026-04-27 23:44:18,12.0,67.3,22.9,local_pc,-2.0,0.0,14.740000000000004,5.140817055682891,0
2026-04-27 23:44:19,12.8,67.3,22.9,local_pc,0.8000000000000007,0.0,14.900000000000002,5.045790324617157,0
2026-04-27 23:44:20,24.8,67.3,22.9,local_pc,12.0,0.0,17.480000000000004,6.276304645251067,0
2026-04-27 23:44:22,25.0,67.3,22.9,local_pc,0.1999999999999993,0.0,17.720000000000006,6.593329962924662,0
2026-04-27 23:44:23,25.4,67.3,22.9,local_pc,0.3999999999999986,0.0,20.000000000000004,6.946941773183371,0
2026-04-27 23:44:24,25.2,67.3,22.9,local_pc,-0.1999999999999993,0.0,22.640000000000004,5.505270202269832,0
2026-04-27 23:44:25,25.7,67.3,22.9,local_pc,0.5,0.0,25.220000000000006,0.34928498393162233,0
2026-04-27 23:44:27,24.8,67.3,22.9,local_pc,-0.8999999999999986,0.0,25.220000000000002,0.34928498393162233,0
2026-04-27 23:44:28,25.7,67.2,22.9,local_pc,0.8999999999999986,-0.09999999999999432,25.360000000000003,0.3781534080239298,0
2026-04-27 23:44:29,25.1,67.2,22.9,local_pc,-0.5999999999999979,0.0,25.300000000000004,0.39370039370073434,0
2026-04-27 23:44:30,24.3,67.2,22.9,local_pc,-0.8000000000000007,0.0,25.12,0.6016643582597485,0
2026-04-27 23:44:32,20.0,67.8,22.9,local_pc,-4.300000000000001,0.5999999999999943,23.98,2.281885185542894,0
2026-04-27 23:44:33,13.9,67.8,22.9,local_pc,-6.1,0.0,21.800000000000004,4.949747468305848,0
2026-04-27 23:44:34,12.8,67.8,22.9,local_pc,-1.0999999999999996,0.0,19.220000000000002,5.7120049019586965,0
2026-04-27 23:44:35,12.6,67.8,22.9,local_pc,-0.20000000000000107,0.0,16.720000000000006,5.2083586666050765,0
2026-04-27 23:44:36,11.9,67.8,22.9,local_pc,-0.6999999999999993,0.0,14.240000000000004,3.298939223447477,0
2026-04-27 23:44:37,10.4,67.7,22.9,local_pc,-1.5,-0.09999999999999432,12.320000000000004,1.291123541726457,0
2026-04-27 23:44:38,8.9,67.7,22.9,local_pc,-1.5,0.0,11.320000000000004,1.6483324907312493,0
2026-04-27 23:44:39,8.5,67.7,22.9,local_pc,-0.40000000000000036,0.0,10.460000000000004,1.7980545041795297,0
2026-04-27 23:44:40,6.9,67.7,22.9,local_pc,-1.5999999999999996,0.0,9.320000000000004,1.9057806799315362,0
2026-04-27 23:44:41,15.0,68.1,22.9,local_pc,8.1,0.3999999999999915,9.940000000000003,3.090792778560268,0
2026-04-27 23:44:42,9.0,68.3,22.9,local_pc,-6.0,0.20000000000000284,9.660000000000002,3.10209606556604,0
2026-04-27 23:44:43,7.2,68.3,22.9,local_pc,-1.7999999999999998,0.0,9.320000000000004,3.293478404362219,0
2026-04-27 23:44:44,9.4,68.3,22.9,local_pc,2.2,0.0,9.500000000000004,3.2619012860600654,0
2026-04-27 23:44:45,19.0,68.3,22.9,local_pc,9.6,0.0,11.920000000000003,4.918536367660634,0
2026-04-27 23:44:46,22.7,68.4,22.9,local_pc,3.6999999999999993,0.10000000000000853,13.460000000000003,6.921560517686761,0
2026-04-27 23:44:47,18.4,68.6,22.9,local_pc,-4.300000000000001,0.19999999999998863,15.340000000000003,6.679670650563558,0
2026-04-27 23:44:48,24.4,68.5,22.9,local_pc,6.0,-0.09999999999999432,18.78,5.8122284882822814,0
2026-04-27 23:44:49,24.7,68.5,22.9,local_pc,0.3000000000000007,0.0,21.84,2.9737182112634843,0
2026-04-27 23:44:50,23.6,68.5,22.9,local_pc,-1.0999999999999979,0.0,22.76,2.557928849675081,0
2026-04-27 23:44:51,18.3,68.6,22.9,local_pc,-5.300000000000001,0.09999999999999432,21.880000000000003,3.2476145091436104,0
2026-04-27 23:44:53,11.5,69.0,22.9,local_pc,-6.800000000000001,0.4000000000000057,20.500000000000004,5.663479495857659,0
2026-04-27 23:44:54,15.7,68.7,22.9,local_pc,4.199999999999999,-0.29999999999999716,18.76,5.499818178812837,0
2026-04-27 23:44:55,13.0,68.3,22.9,local_pc,-2.6999999999999993,-0.4000000000000057,16.420000000000005,4.7829906962067374,0
2026-04-27 23:44:56,23.7,68.1,22.9,local_pc,10.7,-0.20000000000000284,16.440000000000005,4.820580877861111,0
2026-04-27 23:44:57,30.5,67.8,22.9,local_pc,6.800000000000001,-0.29999999999999716,18.880000000000003,8.021969832902649,0
2026-04-27 23:44:58,22.6,67.2,22.9,local_pc,-7.899999999999999,-0.5999999999999943,21.1,6.930728677419142,0
2026-04-27 23:44:59,17.3,66.4,22.9,local_pc,-5.300000000000001,-0.7999999999999972,21.420000000000005,6.650338337257743,0
2026-04-27 23:45:00,27.6,66.1,22.9,local_pc,10.3,-0.30000000000001137,24.340000000000003,5.039146753171614,0
2026-04-27 23:45:01,32.2,65.5,22.9,local_pc,4.600000000000001,-0.5999999999999943,26.040000000000003,6.092864679278539,0
2026-04-27 23:45:02,18.6,65.5,22.9,local_pc,-13.600000000000001,0.0,23.660000000000004,6.237627754202719,0
2026-04-27 23:45:03,24.2,65.6,22.9,local_pc,5.599999999999998,0.09999999999999432,23.980000000000004,6.210636038281429,0
2026-04-27 23:45:04,25.7,65.6,22.9,local_pc,1.5,0.0,25.660000000000004,4.962660576747113,0
2026-04-27 23:45:05,24.7,65.7,22.9,local_pc,-1.0,0.10000000000000853,25.080000000000005,4.847370421166511,0
2026-04-27 23:45:06,25.2,65.8,22.9,local_pc,0.5,0.09999999999999432,23.68,2.8943047524405654,0
2026-04-27 23:45:08,26.3,65.7,22.9,local_pc,1.1000000000000014,-0.09999999999999432,25.220000000000006,0.8228000972289654,0
2026-04-27 23:45:09,26.3,65.8,22.9,local_pc,0.0,0.09999999999999432,25.640000000000004,0.6985699678629061,0
2026-04-27 23:45:10,31.6,66.0,22.9,local_pc,5.300000000000001,0.20000000000000284,26.820000000000004,2.7617023735370094,0
2026-04-27 23:45:11,26.3,65.9,22.9,local_pc,-5.300000000000001,-0.09999999999999432,27.140000000000004,2.538306522073318,0
2026-04-27 23:45:12,17.6,66.0,22.9,local_pc,-8.7,0.09999999999999432,25.620000000000005,5.0365662906388895,0
2026-04-27 23:45:13,20.6,65.7,22.9,local_pc,3.0,-0.29999999999999716,24.480000000000004,5.4705575584212625,0
2026-04-27 23:45:15,21.7,66.1,22.9,local_pc,1.0999999999999979,0.3999999999999915,23.560000000000002,5.474760268724104,0
2026-04-27 23:45:16,31.2,66.2,22.9,local_pc,9.5,0.10000000000000853,23.480000000000004,5.328883560371724,0
2026-04-27 23:45:17,29.4,66.3,22.9,local_pc,-1.8000000000000007,0.09999999999999432,24.1,5.889821729050889,0
2026-04-27 23:45:18,23.8,66.3,22.9,local_pc,-5.599999999999998,0.0,25.340000000000003,4.714657993958839,0
2026-04-27 23:45:19,30.6,66.3,22.9,local_pc,6.800000000000001,0.0,27.340000000000003,4.304416336740669,0
2026-04-27 23:45:20,26.1,66.3,22.9,local_pc,-4.5,0.0,28.220000000000006,3.1610124960208457,0
2026-04-27 23:45:21,33.6,66.3,22.9,local_pc,7.5,0.0,28.700000000000006,3.8366652186501673,0
2026-04-27 23:45:22,29.2,66.2,22.9,local_pc,-4.400000000000002,-0.09999999999999432,28.660000000000004,3.8285767590581146,0
2026-04-27 23:45:23,25.8,65.9,22.9,local_pc,-3.3999999999999986,-0.29999999999999716,29.060000000000002,3.255456957172054,0
2026-04-27 23:45:24,23.9,65.9,22.9,local_pc,-1.9000000000000021,0.0,27.720000000000006,3.7969724781725707,0
2026-04-27 23:45:25,34.3,66.0,22.9,local_pc,10.399999999999999,0.09999999999999432,29.360000000000003,4.606842736625587,0
2026-04-27 23:45:26,36.9,66.0,22.9,local_pc,2.6000000000000014,0.0,30.020000000000003,5.513347440530109,0
2026-04-27 23:45:27,29.0,65.8,22.9,local_pc,-7.899999999999999,-0.20000000000000284,29.98,5.521503418454063,0
2026-04-27 23:45:28,21.7,65.8,22.9,local_pc,-7.300000000000001,0.0,29.160000000000004,6.5129102557919465,0
2026-04-27 23:45:30,29.6,65.7,22.9,local_pc,7.900000000000002,-0.09999999999999432,30.3,5.824517147369376,0
2026-04-27 23:45:31,28.9,65.8,22.9,local_pc,-0.7000000000000028,0.09999999999999432,29.220000000000006,5.3811708763056325,0
2026-04-27 23:45:32,21.6,65.8,22.9,local_pc,-7.299999999999997,0.0,26.160000000000004,4.12589384255097,0
2026-04-27 23:45:33,23.1,65.8,22.9,local_pc,1.5,0.0,24.98,3.9505695791872895,0
2026-04-27 23:45:34,24.2,65.8,22.9,local_pc,1.0999999999999979,0.0,25.480000000000004,3.5716942758304526,0
2026-04-27 23:45:35,23.0,65.8,22.9,local_pc,-1.1999999999999993,0.0,24.160000000000004,2.805886669129752,0
2026-04-27 23:45:36,23.9,65.8,22.9,local_pc,0.8999999999999986,0.0,23.160000000000004,1.011434624679266,0
2026-04-27 23:45:37,24.4,65.8,22.9,local_pc,0.5,0.0,23.720000000000002,0.6379655163095219,0
2026-04-27 23:45:39,24.1,65.9,22.9,local_pc,-0.29999999999999716,0.10000000000000853,23.920000000000005,0.5449770637376137,0
2026-04-27 23:45:40,15.9,65.6,22.9,local_pc,-8.200000000000001,-0.30000000000001137,22.26,3.593466293149291,0
2026-04-27 23:45:41,20.3,65.6,22.9,local_pc,4.4,0.0,21.720000000000006,3.656774535024017,0
2026-04-27 23:45:42,27.1,66.0,22.9,local_pc,6.800000000000001,0.4000000000000057,22.360000000000003,4.348333013926154,0
2026-04-27 23:45:43,28.2,65.9,22.9,local_pc,1.0999999999999979,-0.09999999999999432,23.120000000000005,5.066754385205591,0
2026-04-27 23:45:44,27.0,65.9,22.9,local_pc,-1.1999999999999993,0.0,23.700000000000006,5.364233402826548,0
2026-04-27 23:45:45,19.3,66.0,22.9,local_pc,-7.699999999999999,0.09999999999999432,24.380000000000003,4.2222032163315,0
2026-04-27 23:45:46,22.2,66.0,22.9,local_pc,2.8999999999999986,0.0,24.760000000000005,3.8305352106461643,0
2026-04-27 23:45:47,20.4,66.1,22.9,local_pc,-1.8000000000000007,0.09999999999999432,23.42,3.9764305601883816,0
2026-04-27 23:45:48,24.7,66.1,22.9,local_pc,4.300000000000001,0.0,22.720000000000002,3.1459497770943683,0
2026-04-27 23:45:50,27.1,66.1,22.9,local_pc,2.400000000000002,0.0,22.740000000000002,3.1800943382233346,0
2026-04-27 23:45:51,29.1,66.0,22.9,local_pc,2.0,-0.09999999999999432,24.700000000000003,3.5305806887819555,0
2026-04-27 23:45:52,21.8,66.0,22.9,local_pc,-7.300000000000001,0.0,24.62,3.6051352263126093,0
2026-04-27 23:45:53,21.1,66.0,22.9,local_pc,-0.6999999999999993,0.0,24.760000000000005,3.4085187398634114,0
2026-04-27 23:45:54,16.4,66.0,22.9,local_pc,-4.700000000000003,0.0,23.1,5.064089256717353,0
2026-04-27 23:45:55,17.2,66.0,22.9,local_pc,0.8000000000000007,0.0,21.12,5.044501957577197,0
2026-04-27 23:45:56,14.5,66.1,22.9,local_pc,-2.6999999999999993,0.09999999999999432,18.200000000000003,3.134485603731536,0
2026-04-27 23:45:58,16.8,66.1,22.9,local_pc,2.3000000000000007,0.0,17.200000000000003,2.4135036772294907,0
2026-04-27 23:45:59,16.6,66.0,22.9,local_pc,-0.1999999999999993,-0.09999999999999432,16.300000000000004,1.048808848170291,0
2026-04-27 23:46:00,16.8,66.0,22.9,local_pc,0.1999999999999993,0.0,16.380000000000003,1.0733126292000346,0
2026-04-27 23:46:01,23.8,66.1,22.9,local_pc,7.0,0.09999999999999432,17.700000000000003,3.5454195802472044,0
2026-04-27 23:46:02,16.4,65.8,22.9,local_pc,-7.400000000000002,-0.29999999999999716,18.080000000000005,3.2018744510052635,0
2026-04-27 23:46:03,22.5,66.3,22.9,local_pc,6.100000000000001,0.5,19.220000000000006,3.6196684931082044,0
2026-04-27 23:46:04,20.6,66.3,22.9,local_pc,-1.8999999999999986,0.0,20.020000000000003,3.3259585084604106,0
2026-04-27 23:46:05,15.6,66.3,22.9,local_pc,-5.000000000000002,0.0,19.780000000000005,3.644447831976774,0
2026-04-27 23:46:06,5.1,66.3,22.9,local_pc,-10.5,0.0,16.040000000000003,6.7552202036647415,0
2026-04-27 23:46:07,2.6,66.3,22.9,local_pc,-2.4999999999999996,0.0,13.280000000000001,9.013157049558185,0
2026-04-27 23:46:08,2.0,66.3,22.9,local_pc,-0.6000000000000001,0.0,9.180000000000003,8.413203908143467,0
2026-04-27 23:46:09,2.5,66.3,22.9,local_pc,0.5,0.0,5.560000000000003,5.740470364003339,0
2026-04-27 23:46:10,4.0,66.4,22.9,local_pc,1.5,0.10000000000000853,3.240000000000003,1.2778888840586615,0
2026-04-27 23:46:11,3.2,66.4,22.9,local_pc,-0.7999999999999998,0.0,2.860000000000003,0.7668115805076904,0
2026-04-27 23:46:12,5.0,66.5,22.9,local_pc,1.7999999999999998,0.09999999999999432,3.3400000000000034,1.19498953970346,0
2026-04-27 23:46:13,3.2,66.4,22.9,local_pc,-1.7999999999999998,-0.09999999999999432,3.580000000000003,0.9549869109054218,0
2026-04-27 23:46:14,3.5,66.4,22.9,local_pc,0.2999999999999998,0.0,3.7800000000000034,0.7563068160480069,0
2026-04-27 23:46:15,14.6,66.3,22.9,local_pc,11.1,-0.10000000000000853,5.900000000000003,4.920365840057079,0
2026-04-27 23:46:16,10.6,66.4,22.9,local_pc,-4.0,0.10000000000000853,7.380000000000003,5.017170517333506,0
2026-04-27 23:46:17,17.1,66.6,22.9,local_pc,6.500000000000002,0.19999999999998863,9.800000000000002,6.328901958475932,0
2026-04-27 23:46:18,7.7,66.6,22.9,local_pc,-9.400000000000002,0.0,10.700000000000003,5.408789143606954,0
2026-04-27 23:46:19,2.4,66.6,22.9,local_pc,-5.300000000000001,0.0,10.480000000000002,5.7842026243900255,0
2026-04-27 23:46:21,16.2,66.6,22.9,local_pc,13.799999999999999,0.0,10.800000000000002,6.10450653206305,0
2026-04-27 23:46:22,15.4,66.6,22.9,local_pc,-0.7999999999999989,0.0,11.760000000000003,6.433739192724587,0
2026-04-27 23:46:23,9.5,66.7,22.9,local_pc,-5.9,0.10000000000000853,10.240000000000004,5.714280357140386,0
2026-04-27 23:46:24,11.7,66.6,22.9,local_pc,2.1999999999999993,-0.10000000000000853,11.040000000000003,5.547341705718193,0
2026-04-27 23:46:25,10.8,66.6,22.9,local_pc,-0.8999999999999986,0.0,12.720000000000002,2.932064119353527,0
2026-04-27 23:46:26,15.8,66.5,22.9,local_pc,5.0,-0.09999999999999432,12.640000000000004,2.8165581833152995,0
2026-04-27 23:46:27,6.5,66.5,22.9,local_pc,-9.3,0.0,10.860000000000003,3.3901327407640602,0
2026-04-27 23:46:28,16.5,66.5,22.9,local_pc,10.0,0.0,12.260000000000002,4.0660791925392195,0
2026-04-27 23:46:29,19.5,66.5,22.9,local_pc,3.0,0.0,13.820000000000004,5.149465991731603,0
2026-04-27 23:46:30,16.2,66.5,22.9,local_pc,-3.3000000000000007,0.0,14.900000000000002,4.918841326979383,0
2026-04-27 23:46:31,18.5,66.6,22.9,local_pc,2.3000000000000007,0.09999999999999432,15.440000000000003,5.183435154412591,0
2026-04-27 23:46:32,7.8,66.7,22.9,local_pc,-10.7,0.10000000000000853,15.700000000000003,4.62547294879132,0
2026-04-27 23:46:33,11.9,66.7,22.9,local_pc,4.1000000000000005,0.0,14.780000000000001,4.877191814968968,0
2026-04-27 23:46:34,6.3,66.7,22.9,local_pc,-5.6000000000000005,0.0,12.140000000000002,5.242423103870993,0
2026-04-27 23:46:35,23.7,66.9,22.9,local_pc,17.4,0.20000000000000284,13.640000000000004,7.3456109344288265,0
2026-04-27 23:46:36,8.9,67.0,22.9,local_pc,-14.799999999999999,0.09999999999999432,11.720000000000002,7.004427171439532,0
2026-04-27 23:46:37,25.2,67.2,22.9,local_pc,16.299999999999997,0.20000000000000284,15.200000000000003,8.68964901477616,0
2026-04-27 23:46:38,17.6,67.2,22.9,local_pc,-7.599999999999998,0.0,16.340000000000003,8.52073940453528,0
2026-04-27 23:46:39,21.2,67.2,22.9,local_pc,3.599999999999998,0.0,19.32,6.49669146566159,0
2026-04-27 23:46:40,22.0,67.4,22.9,local_pc,0.8000000000000007,0.20000000000000284,18.98,6.2499599998720115,0
2026-04-27 23:46:41,15.3,67.6,22.9,local_pc,-6.699999999999999,0.19999999999998863,20.26,3.8727251387104817,0
2026-04-27 23:46:42,22.9,67.7,22.9,local_pc,7.599999999999998,0.10000000000000853,19.800000000000004,3.221024681681302,0
2026-04-27 23:46:43,15.9,67.8,22.9,local_pc,-6.999999999999998,0.09999999999999432,19.46,3.5809216690679153,0
2026-04-27 23:46:44,14.9,70.4,22.9,local_pc,-1.0,2.6000000000000085,18.200000000000003,3.9089640571384354,0
2026-04-27 23:46:45,23.9,73.6,22.9,local_pc,8.999999999999998,3.1999999999999886,18.580000000000005,4.428543778715545,0
2026-04-27 23:46:46,10.0,73.7,22.9,local_pc,-13.899999999999999,0.10000000000000853,17.520000000000003,5.824259609598476,0
2026-04-27 23:46:47,7.6,73.9,22.9,local_pc,-2.4000000000000004,0.20000000000000284,14.460000000000003,6.291502205356071,0
2026-04-27 23:46:48,5.4,73.8,22.9,local_pc,-2.1999999999999993,-0.10000000000000853,12.360000000000003,7.35343457168148,0
2026-04-27 23:46:49,13.2,73.8,22.9,local_pc,7.799999999999999,0.0,12.020000000000001,7.245136299615101,0
2026-04-27 23:46:50,13.6,74.3,22.9,local_pc,0.40000000000000036,0.5,9.960000000000004,3.5394914889006994,0
2026-04-27 23:46:51,8.7,73.8,22.9,local_pc,-4.9,-0.5,9.700000000000001,3.5832945734338537,0
2026-04-27 23:46:52,15.1,73.8,22.9,local_pc,6.4,0.0,11.200000000000003,4.026785318340231,0
2026-04-27 23:46:53,22.3,73.7,22.9,local_pc,7.200000000000001,-0.09999999999999432,14.580000000000002,4.932240870030609,0
2026-04-27 23:46:54,9.5,73.5,22.9,local_pc,-12.8,-0.20000000000000284,13.840000000000003,5.442242184982246,0
2026-04-27 23:46:56,22.5,73.7,22.9,local_pc,13.0,0.20000000000000284,15.620000000000001,6.662732172314917,0
2026-04-27 23:46:57,26.1,73.7,22.9,local_pc,3.6000000000000014,0.0,19.1,6.6887966032762645,0
2026-04-27 23:46:58,17.8,73.6,22.9,local_pc,-8.3,-0.10000000000000853,19.640000000000004,6.387331211077132,0
2026-04-27 23:46:59,11.7,73.7,22.9,local_pc,-6.100000000000001,0.10000000000000853,17.520000000000003,7.01227495182556,0
2026-04-27 23:47:00,14.4,73.3,22.9,local_pc,2.700000000000001,-0.4000000000000057,18.500000000000004,5.858754133772821,0
2026-04-27 23:47:01,15.2,73.7,22.9,local_pc,0.7999999999999989,0.4000000000000057,17.040000000000003,5.512077648219424,0
